"","Plays","Title","Date"
"1","44","C07","2021-02-25 20:49:55"
"2","29","C06","2021-02-14 22:16:50"
"3","30","C05","2021-02-03 22:58:30"
"4","8","C04","2021-01-30 22:09:50"
"5","12","N05","2021-01-21 22:50:10"
"6","15","R02","2021-01-30 14:40:50"
"7","10","R01","2021-01-30 13:00:40"
"8","5","N04","2020-11-07 13:25:40"
"9","12","N03","2020-10-25 16:05:15"
"10","9","N02","2020-10-24 12:46:05"
"11","12","N01","2020-10-09 21:15:30"
"12","44","C03","2020-09-24 19:26:15"
"13","22","C02","2020-09-20 23:27:50"
"14","25","C01","2020-09-17 22:29:30"
"15","32","200","2020-09-13 23:48:55"
"16","16","199","2020-09-13 12:12:20"
"17","7","198","2020-09-12 22:45:15"
"18","17","197","2020-09-12 21:51:35"
"19","31","196","2020-07-04 21:38:15"
"20","22","195","2020-07-04 21:36:10"
"21","30","194","2020-07-04 21:29:30"
"22","27","193","2020-07-04 21:20:25"
"23","19","192","2020-07-04 21:13:15"
"24","19","191","2020-07-04 21:05:10"
"25","18","190","2020-07-04 21:03:55"
"26","12","189","2020-07-04 20:57:25"
"27","16","188","2020-07-04 20:48:55"
"28","76","187","2020-07-04 20:48:00"
"29","18","186","2020-07-04 20:46:55"
"30","16","185","2020-07-04 20:45:50"
"31","14","184","2020-07-04 20:40:30"
"32","18","183","2020-07-04 20:39:35"
"33","18","182","2020-07-04 20:29:35"
"34","11","181","2020-07-04 20:23:35"
"35","29","180","2020-07-04 20:22:55"
"36","11","179","2020-07-04 20:21:25"
"37","16","178","2020-07-04 20:20:25"
"38","16","177","2020-07-04 20:19:10"
"39","10","176","2020-07-04 20:05:10"
"40","7","175","2020-07-04 19:54:50"
"41","14","174","2020-07-04 19:47:00"
"42","16","173","2020-07-04 19:45:50"
"43","15","172","2020-07-04 19:44:35"
"44","22","171","2020-07-04 19:35:40"
"45","9","170","2020-07-04 19:34:35"
"46","14","169","2020-07-04 19:33:00"
"47","9","168","2020-07-04 19:31:50"
"48","11","167","2020-07-04 19:25:20"
"49","23","166","2020-07-04 19:24:30"
"50","21","165","2020-07-04 19:23:40"
"51","12","164","2020-07-04 19:22:45"
"52","12","163","2020-07-04 19:21:50"
"53","11","162","2020-07-04 19:15:30"
"54","12","161","2020-07-04 19:05:55"
"55","30","160","2020-07-04 18:59:20"
"56","25","159","2020-07-04 18:58:45"
"57","28","158","2020-07-04 18:51:10"
"58","9","157","2020-07-04 18:50:10"
"59","26","156","2020-07-04 18:49:10"
"60","11","155","2020-07-04 18:43:10"
"61","17","154","2020-07-04 18:35:10"
"62","15","153","2020-07-04 18:33:45"
"63","17","152","2020-07-04 18:27:40"
"64","11","151","2020-07-04 18:26:30"
"65","21","150","2020-07-04 18:25:30"
"66","8","149","2020-07-04 18:24:10"
"67","10","148","2020-07-04 18:22:30"
"68","7","147","2020-07-04 18:15:10"
"69","8","146","2020-07-04 18:08:30"
"70","25","145","2020-07-03 21:18:40"
"71","12","144","2020-07-03 21:12:35"
"72","11","143","2020-07-03 21:10:50"
"73","10","142","2020-07-03 21:09:40"
"74","19","141","2020-07-03 21:08:15"
"75","15","140","2020-07-03 21:06:15"
"76","17","139","2020-07-03 20:59:10"
"77","8","138","2020-07-03 20:50:45"
"78","18","137","2020-07-03 20:43:50"
"79","15","136","2020-07-03 20:42:20"
"80","11","135","2020-07-03 20:35:45"
"81","4","134","2020-07-03 20:28:30"
"82","9","133","2020-07-03 20:27:30"
"83","15","132","2020-07-03 20:25:55"
"84","10","131","2020-07-03 20:19:55"
"85","21","130","2020-07-03 20:12:55"
"86","15","129","2020-07-03 20:06:35"
"87","13","128","2020-07-03 19:59:35"
"88","11","127","2020-07-03 19:50:10"
"89","4","126","2020-07-03 19:48:55"
"90","3","125","2020-07-03 19:37:40"
"91","15","124","2020-07-03 19:28:20"
"92","36","123","2020-07-03 19:22:35"
"93","11","122","2020-07-03 19:20:30"
"94","16","121","2020-07-03 19:18:40"
"95","14","120","2020-07-03 19:11:40"
"96","16","119","2020-07-03 19:00:25"
"97","16","118","2020-07-03 18:51:40"
"98","4","117","2020-07-03 18:42:35"
"99","20","116","2020-07-03 18:41:25"
"100","33","115","2020-07-03 18:35:40"
